{
  "schemaVersion": 1,
  "id": "decay",
  "version": "1.0.0",
  "name": "Decay",
  "description": "A simple mod that adds the Potions of Decay from Bedrock Edition.",
  "authors": [
    "NotMidxios"
  ],
  "contact": {
    "homepage": "https://mcreator.net",
    "sources": ""
  },
  "license": "Creative Commons Attribution-NonCommercial 3.0",
  "icon": "assets/decay/icon.png",
  "environment": "*",
  "entrypoints": {
    "main": [
      "net.mcreator.decay.DecayMod"
    ],
    "client": [
      "net.mcreator.decay.ClientInit"
    ]
  },
  "depends": {
    "fabricloader": ">=0.14.9",
    "fabric": "*",
    "minecraft": "~1.19",
    "java": ">=17"
  }
}